20%_1_second,20%_30_second,60%_1_second,60%_30_second,cycle numbers,event
0.0236438533811166,0.0438295851347885,0.0225258191018509,0.0350773894604055,1,0
0.0237004744307663,0.0412927051953135,0.0211446502418536,0.0329621151259469,52,49
0.0241736914474168,0.0416554577312603,0.0213828437054745,0.0333637382130042,103,98
0.0249400628013622,0.0422611963730338,0.0215229269569135,0.0334116868442963,154,147
0.0253594911462766,0.0437594494536223,0.0223801347125586,0.0345668554722363,205,196
0.0267192984103186,0.0452767906043159,0.0233277174733362,0.0360980952600357,256,245
0.0270750883345486,0.0461336380526813,0.0237789234379729,0.0364831037971313,307,294
0.0270454684164894,0.0457973183858679,0.0242025505601358,0.0368213445803149,358,343
0.0283989395559045,0.0473975073596283,0.0247677655727309,0.037465310845211,409,392
0.027535537520732,0.0460216135499818,0.0245937507645301,0.0369812383119119,460,441
0.0284623298917818,0.0474885017907801,0.0255854564794669,0.0380043511616526,511,490
0.0291885618522799,0.048301499655458,0.0265062946805569,0.0394813831888515,562,539
0.0294511471874436,0.0491876881176907,0.0268854872459677,0.0395399579694624,613,588
0.030250403891268,0.0495527392779698,0.0281348318812786,0.0410026169201882,664,637
0.0317427871398052,0.0519100021768744,0.0283054206534791,0.0418045506827462,715,686
0.0317921332934729,0.0512869414771541,0.029553716478552,0.0429947543720253,766,735
0.0334610947144197,0.0539961163238435,0.0321951628650793,0.0463411016891164,817,784
